{"cameraMode":{"drawMode":0,"name":"Shaded","section":"Shading Mode"},"sceneLighting":true,"audioPlay":false,"sceneViewState":{"m_AlwaysRefresh":false,"showFog":true,"showSkybox":true,"showFlares":true,"showImageEffects":true,"showParticleSystems":true,"showVisualEffectGraphs":true,"m_FxEnabled":true},"in2DMode":false,"pivot":{"x":2.0521836280822756,"y":-2.8571572303771974,"z":13.96025276184082},"rotation":{"x":-0.3873918950557709,"y":0.21456193923950196,"z":-0.09317639470100403,"w":-0.8917628526687622},"size":10.499831199645996,"orthographic":false}